Comment,Date
"It looks like OP posted an AMP link. These should load faster, but AMP is controversial because of [concerns over privacy and the Open Web](https://www.reddit.com/r/AmputatorBot/comments/ehrq3z/why_did_i_build_amputatorbot).

Maybe check out **the canonical page** instead: **[http://www.ansa.it/lombardia/notizie/2023/05/31/incinta-scomparsa-il-fidanzato-indagato-per-omicidio_fe297a61-7f46-42e5-8efd-2aaefa328e22.html](http://www.ansa.it/lombardia/notizie/2023/05/31/incinta-scomparsa-il-fidanzato-indagato-per-omicidio_fe297a61-7f46-42e5-8efd-2aaefa328e22.html)** |  canonical: **[/lombardia/notizie/2023/05/31/incinta-scomparsa-il-fidanzato-indagato-per-omicidio_fe297a61-7f46-42e5-8efd-2aaefa328e22.html](/lombardia/notizie/2023/05/31/incinta-scomparsa-il-fidanzato-indagato-per-omicidio_fe297a61-7f46-42e5-8efd-2aaefa328e22.html)**

*****

 ^(I'm a bot | )[^(Why & About)](https://www.reddit.com/r/AmputatorBot/comments/ehrq3z/why_did_i_build_amputatorbot)^( | )[^(Summon: u/AmputatorBot)](https://www.reddit.com/r/AmputatorBot/comments/cchly3/you_can_now_summon_amputatorbot/)",2023-06-01
"Il concepimento, a differenza dello stupro, √® un atto nel quale entrambe le parti hanno pari agentivit√† e responsabilit√†. Pensi che con sti argomenti idioti tu possa convincere qualcuno?",2023-08-30
"E infatti entrambi i genitori, se la madre vuole tenere il bambino, hanno il dovere di crescere il figlio. Il padre deve mantenere il figlio che ha anche lui concepito. Se non fosse cos√¨ ci sarebbe una deresponsabilizzazione totale della societ√†.",2023-08-30
">Ed √® il padre che deve sobbarcarsi la spesa economica di mantenerlo

NO! NON MI DIRE! ADESSO LE MIE AZIONI HANNO DELLE CONSEGNE!!?

>la madre non deve portare avanti la gravidanza se non lo desidera

Perch√© il corpo della madre non √® propriet√† dell'uomo

>il tuo argomento √® fallato alla base

Il tuo invece si basa sulla totale deresponsabilizzazione quindi vedi tu",2023-08-30
"Bene, se le azioni hanno conseguenze vietiamo l'aborto nei casi di sesso consenziente. Dopotutto nessuno ti vieta di prendere la pillola, giusto?",2023-08-30
E cos√¨ ricadiamo nel post che ho scritto sopra,2023-08-30
"Mettiamo caso che la decisione dell'uomo e della donna pesino 50% ciascuna, se l'uomo vuole l'aborto (di un feto nell'utero della donna ndr) e la donna no, come lo risolvi? Partita a briscola al meglio dei 5?",2023-08-30
"La decisione riguarda l'essere genitore o meno, non la vita del figlio. L'uomo deve essere libero di dire io non voglio essere padre e disconoscere il figlio, non averci niente a che fare, non dover pagare e cose varie. Che il figlio viva o meno non c'entra niente, pu√≤ tranquillamente deciderlo la donna se tenerlo o ammazzarlo, l'importante √® che l'uomo possa rifiutare la genitorialit√†.",2023-08-30
"> pu√≤ tranquillamente deciderlo la donna se tenerlo o **ammazzarlo**

Ehm.. non so se √® una trollata o sei serio/a, ma in Italia √® reato uccidere, indipendentemente che lo faccia un uomo o una donna. A meno che tu non intenda equiparare aborto a omicidio, nel qual caso, se sei in buona fede, ti suggerirei caldamente di informarti.",2023-08-30
"Quindi l'uomo mette incinta una donna e le fa crescere SUO figlio da sola e senza aiuti economici di alcun tipo?

Se ti sfascio la macchina ho il diritto di non riconoscere il danno?",2023-08-30
La decisione di abortire o meno √® fatta solo dalla donna e impatta anche la vita dell'uomo si o no?,2023-08-30
">Non c'√® nessuna responsabilit√† nel mettere incinta una donna

Non c'√® nessuna responsabilit√† anche se ti investo allora",2023-08-30
"Se vi √® responsabilit√† nel mettere incinta una donna, vi √® anche responsabilit√† nel farsi mettere incinta da un uomo",2023-08-30
Basterebbe permettere agli uomini di rifiutare la genitorialit√† invece di obbligarli a pagare il mantenimento e queste cose non succederebbero.,2023-08-30
"""oh no, sfortunatamente si dia il caso che non posso rifiutare la genitorialit√†, mi tocca ammazzarti insieme al bambino... Scusami eh non sono uno schizzato fuori di testa da buttare in galera, √® colpa della legge che non mi concede una scappatoia :(""

Edit: come cazzo stai",2023-08-30
"Eh Be certo, metto incinta una e la prima cosa che mi viene in mente √® ucciderla. Ma dai, roba da impiccare a un albero lui √® chi sostiene ste minchiate.",2023-08-30
"ahah la colpa √® della legge, da ridere davvero. Povero impagnatiello direi",2023-08-30
"Forse perch√© voleva vivere qui' e non come un latitante ?
Nessuno lo vuole giustificare, ma la disparit√† di trattamento che vede l'uomo sempre fottuto ha stancato",2023-08-30
"Beh allora funzionerebbe anche all'inverso. Ormai ci sono cos√¨ tanti contraccettivi che rimanere incinte √® una scelta. Ma il problema di sto tipo non √® questo. √à che √® un omicida, che credo abbia poco a che fare con la gravidanza ma pi√π con una mente malata.",2023-08-30
"Non c'√® nessuna responsabilit√† nel mettere incinta una donna, le merdose leggi femministe a riguardo esistono proprio per forzare e creare responsabilit√† artificiali che in natura non esistono.",2023-08-30
"Sei un coglione. E i coglioni mi spaventano, quindi smetto di risponderti ciao",2023-08-30
"La responsabilit√† √® di tutti e due, mica solo dell'uomo",2023-08-30
"Ed √® il padre che deve sobbarcarsi la spesa economica di mantenerlo, con tutti i disagi che questo comporta; tra l'altro la madre non deve portare avanti la gravidanza se non lo desidera, il tuo argomento √® fallato alla base",2023-08-30
"Esiste una legge che permette alle donne di abbandonare i neonati in maniera anonima, con lo scopo preciso di ridurre gli infanticidi, non vedo perch√© una legge si mine non dovrebbe poter valere anche per gli uomini",2023-08-30
Allora aboliamo la legge fatta per le madri infanticide?,2023-08-30
"voi non siete gli stessi che si mettono a piangere se le donne non acconsentono immediatamente a scoparvi nonostante siate dei ciccioni che puzzano e che probabilmente hanno visto una vagina solo quando siete stati partoriti?

fate pace col cervello. ed invece di lamentarvi del fatto che una donna che porta avanti la gravidanza abbia potere decisionale sull‚Äôembrione, mettetevi un preservativo e non rompete i coglioni. anche se non penso tu abbia tutta questa probabilit√† di scopare o, malauguratamente, di riprodurti",2023-08-30
"Non vedo nessun argomento a riguardo di quello che ho detto, solo accuse di essere incel (strano, una donna che insulta e dice agli uomini che non scopano quando dicono qualcosa che non gli piace, cosa mai vista). Oltre che potere decisionale sull'embrione la donna ha anche potere decisionale sull'uomo, questa √® una discriminazione contro gli uomini e non va bene. 

Per avere la parit√† sarebbe il caso o di dare finalmente agli uomini il diritto di rifiutare la genitorialit√† oppure di rendere illegale l'aborto, cosi anche le donne invece di lamentarsi che non possono uccidere bambini chiudono le gambe e non rompono i coglioni.",2023-08-30
"Noto un miscuglio di idee incel, pro life, maschiliste e una chiaro distaccamento dalla realt√† in te. Il tuo cervello √® sprecato",2023-08-30
Noto una mancanza di argomenti che confutano quello che ho detto.,2023-08-30
"ma io non ho capito, c‚Äô√® qualche legge o precetto morale che ti impedisce di fare sesso protetto? se non vuoi figli ci sono mille metodi, dai meno invasivi (preservativo, gel spermicida) ai pi√π invasivi e definitivi (vasectomia).

il problema √® che non √® che ‚Äúmanca la parit√†‚Äù, ma che mentre la donna non decide quando ovulare l‚Äôuomo ha tutte le possibilit√† di tutelarsi usando le precauzioni adeguate. se non le usi, essendo perfettamente conscio della possibilit√† che il coito interrotto o non interrotto possano portare alla fecondazione di un ovocita, accetti consapevolmente il rischio di una gravidanza. cosa che, ti ripeto, una donna non pu√≤ fare non potendo controllare la sua ovulazione (nonostante i metodi contraccettivi femminili, che non tutte possono o vogliono prendere, per altro, perch√© a differenza di un preservativo causano modificazioni talvolta irreversibili al corpo di una donna)

in secondo luogo, non sei tu a portare avanti la gravidanza. se fossero gli uomini a rimanere incinti, allora sareste voi a decidere, in base ai vostri principi morali individuali, se abortire o meno. e il mantenimento non √® per metterla nel culo a voi, ma perch√© siete stati trimoni, √® nato un bambino ed √® giusto che abbia una vita dignitosa. e non puoi costringere una donna contraria all‚Äôaborto a rinunciare al suo potere decisionale, quando tu l‚Äôhai avuto nel momento che contava e l‚Äôhai usato male.

non vuoi mantenere un bambino? bene, proteggiti. non √® che puoi fare il deficiente che non immaginava cosa sarebbe successo, l‚Äôapparato riproduttore si studia alle medie.",2023-08-30
">ma io non ho capito, c‚Äô√® qualche legge o precetto morale che ti impedisce di fare sesso protetto? se non vuoi figli ci sono mille metodi, dai meno invasivi (preservativo, gel spermicida) ai pi√π invasivi e definitivi (vasectomia).

Perfetto, discorso analogo vale per le donne. C'√® solo una azione che porta a restare incinta e le donne sanno benissimo quale azione √®. Quindi se la donna decide di fare la sola e unica azione che ha come conseguenza il restare incinta se ne deve prendere le responsabilit√†. Quindi niente aborto, tieni le gambe chiuse. 

Che non sia l'uomo a portare avanti la gravidanza √® irrilevante, le donne hanno il diritto di rifiutare di essere genitori e gli uomini no. Questa √® una discriminazione contro gli uomini. Fine. Le donne in natura non possono abortire, √® per questo che gli serve lo stato che le aiuta, e gli uomini in natura non devono niente alle donne, infatti possono prendere e andarsene senza problemi. Che lo stato intervenga aiutando le donne e affossando gli uomini √® sbagliato.",2023-08-30
"Sis se non vuoi rovinarti la vita puoi benissimo decidere di tenere le gambe chiuse. Gli uomini consentono alla riproduzione quando fanno sesso mentre le donne no, possono abortire e abbandonare il figlio dopo il parto, chiarissima discriminazione contro gli uomini.",2023-08-30
no sono le scie chimiche,2023-08-30
Questo ma non ironicamente,2023-08-30
Cose che la destra dice che sarebbero una figata de fossero vere,2023-08-30
Quindi tu sei contro l'aborto giusto?,2023-08-30
Beh almeno sei coerente e non privilegi le donne,2023-08-30
"Vero, c'√® anche il filone che sostiene sia la donna l'unica parte con voce in capitolo. Poco coerente.",2023-08-30
"No, se si √® entrambi d‚Äôaccordo sono favorevole. Ma se anche uno dei due non lo √® mi dispiace ma ci inserisco la risposta ‚Äúsei adulto mo sono cazzi tuoi‚Äù",2023-08-30
ora facciamo le leggi per un pazzo psicopatico dovreste uscire con museruola guys,2023-08-30
"Le donne con l‚Äôaborto UCCIDONO maledette
assassine, mentre Impagnatiello che ha ammazzato davvero la compagna e il figlio poverino √® stato costretto dallo stato che odia gli uomini.",2023-08-30
"quindi ammazzate la gente, pure tu fuori con la testa, saranno le radiazioni Haarp",2023-08-30
"fra se non vuoi rovinarti la vita puoi benissimo decidere di metterti un preservativo. io non decido quando ovulare, tu come e dove eiaculare s√≠",2023-08-30
"Si, la colpa √® della legge che obbliga gli uomini a rovinarsi la vita contro la loro volont√† (mentre le donne sono libere di uccidere e rifiutarsi in qualsiasi momento).",2023-08-30
Te lo insegnano a 12 anni che facendo sesso si pu√≤ rimanere incinta. Se non vuoi un figlio eviti.,2023-08-30
La decisione di trucidare altre persone?,2023-08-30
La decisione di abortire o meno,2023-08-30
E perch√© la madre dovrebbe poter abortire il figlio che √® anche mio mentre io non ho voce in capitolo?,2023-08-30
"Questo √® giusto, non puoi ovviamente obbligare una donna a portare avanti una gravidanza che non desidera. Non confondiamo il diritto al disconoscimento del padre con l'obbligo alla gravidanza della madre",2023-08-30
Perch√© √® la madre che deve portare avanti la gravidanza con il suo corpo e subire tutti i disagi che ne comporta,2023-08-30
"Sei libero pure di dire che 2+2 fa 74, il fatto √® che una cazzata rimane tale, e se te lo fanno notare, non ledono la tua libert√†",2023-08-30
"Ma prevenire de che? Non stiamo parlando di un uomo che ha cercato di scappare all'estero per fuggire dalla paternit√†, si parla di un maniaco che non si fa problemi ad ammazzare una donna, per di pi√π incinta, per di pi√π incinta di suo figlio. √à un folle che difetta di umanit√†, non √® un pover'uomo ""incastrato"" dalla fidanzata.",2023-08-30
"Perch√© hai messo incinta una donna √® ti assumi le responsabilit√† delle tue azioni, oppure ti spari se proprio non vuoi",2023-08-30
A nome di chi stai parlando esattamente?,2023-08-30
"sono molto lontano da un femminista, sono anche abbastanza maschilista. 

Ma prima di questo, sono un giustizialista, e credo nei valori morali della societ√†. 

Tu la vedi come un diritto della donna il mantenimento, non √® un diritto della donna, √® un diritto del bambino, che tu hai generato e su cui tu hai doveri di mantenimento. 

Mantenimento che, se avessero tolto a te i genitori, avresti fatto il matto, giustamente. Forse fai pure il matto quando non ti √® dovuto niente, e lo ottieni. 

Quello che non capisci te, √® che non stai facendo un ragionamento da conservatore destroide, che sono attaccati ai valori della famiglia, stai facendo un discorso da egoista irresponsabile, che non piacciono a nessuno n",2023-08-30
"Giochini sulle definizioni per giustificare le proprie conclusioni, oltre il ridicolo. Gli uomini non devono niente alle donne, nessun comportamento e risorsa, gli uomini non devono in nessun modo essere costretti e obbligati dalla volont√† delle donne. Se qualcuno invertisse i ruoli ti staresti stracciando le vesti. Curioso che gli uomini non abbiano diritti sul corpo delle donne ma le donne lo abbiano su quello degli uomini. Chi lo ha stabilito? Perch√©? Con quale autorit√†? Idem per i diritti del bambino, che ovviamente cominciano a valere solo quando √® conveniente alla donna, che coincidenza! 

Che gli uomini siano obbligati a condividere le loro risorse senza nulla in cambio √® moralmente sbagliato e contro natura. Non esiste nessuna responsabilit√† a riguardo, in natura il maschio se ne va dopo l'atto in quasi tutte le specie, e in quelle in cui resta e accudisce lo fa perch√© vuole e ha dei vantaggi in cambio. Le schifose leggi femministe che obbligano l'uomo esistono proprio perch√© altrimenti non ci sarebbe nessuna responsabilit√†, nessun malus per l'uomo se sceglie di andarsene. ""funzionale e diretta conseguenza dei principi base della convivenza civile"", strano allora che la merda in questione sia frutto del femminismo, e che per 200k anni di storia e civilt√† umana leggi di questo tipo non ci fossero. 

Infine un cuck femminista che va a dire agli altri che frignano anche no.",2023-08-30
"Ma che disagio, chiudetevi in casa soli per favore che di uomini cos√¨ non ne vogliamo nelle nostre strade, fate paura.",2023-08-30
"Se le donne hanno la possibilit√† di rifiutare la genitorialit√† devono averla anche gli uomini, se gli uomini non la hanno non devono averla neanche le donne. Responsabilit√† o meno (tutte responsabilit√† artificiali, in natura l'uomo prende e se ne va senza problemi e senza perdita di fitness) non c'entra niente, √® questione di discriminazione maschile.",2023-08-30
"Immagino tu sia contro l'aborto e l'abbandono della madre dopo la nascita vero? Il bambino ci rimette anche in quei casi, e direi anche di pi√π. Non c'√® nessuna giustizia nell'obbligare gli uomini a dare le loro risorse contro la loro volont√†.",2023-08-30
"io sono favorevole all‚Äôaborto, il feto non √® una persona i diritti del bambino non si pongono. Quelli della donna si, se lo vuole tenere, tu lo paghi. 

Perche? Perche lei lo ha nel sul corpo e tu non hai diritti sul suo corpo, e tra i diritti tuoi e quelli del bambino poi, soccombono i tuoi (e quelli della madre). 

√à legalmente e moralmente funzionale e diretta conseguenza dei principi base della convivenza civile, non mettere le mani addosso agli altri senza loro permesso, prenditi cura dei tuoi consanguinei. 

Non ti fila perche ti comporta l‚Äôassunzione di un quel minimo di responsabilita che i tuoi non ti hanno mai insegnato a prendere, e ti sembra pazzesco che un errore non possa risolversi anche se ti metti a frignare.",2023-08-30
quindi chiunque esprime un suo pensiero √® un ignorante del cazzo? facevi prima a non fare il post sinceramente. Tanto sai tutto te,2023-08-30
"esprimi esprimi, tu tu esprimi noi ci esprimiamo ridendo",2023-08-30
\#libert√† ahahaha allucinante,2023-08-30
Giusto escludere la crudelt√†. Sulla premeditazione non so. Attenzione a non farci prendere dalle smanie americane. Valutiamo col nostro cervello Italiano. Poi penso che in ogni caso la premeditazione possa essere aggiunta correggetemi se sbaglio.,2023-08-30
"smania americana per aver trucidato una compagna in cinta, compra un cervello al black friday üß†ü§ù",2023-08-30
"se il genitore non paga ci rimette il bambino. Tra bambino nato senza colpe e coglione che scopa senza preservativo co tizia random, preferisco sia quest‚Äôultimo a subire l‚Äôobbligazione. Questa √® la giustizia. Madonna siete proprio incel.",2023-08-30
Quindi te la scopi e poi te ne vai lasciandola con un figlio,2023-08-30
Idiota,2023-08-30
Ma ragazzi ma i commenti fanno paura. Esiste davvero gente che la pensa cos√¨?,2023-08-30
E perch√© non dovresti riconoscere un figlio tuo?,2023-08-30
Perch√© non voglio avere un figlio e pagare per lui?,2023-08-30
"Letteralmente non puoi, lo stato ti trova e ti obbliga a pagare. Gli uomini sono obbligati a consentire alla riproduzione durante il sesso, le donne no, chiara discriminazione. Che le donne abbiano problemi durante la gravidanza sono cazzi loro, per quale motivo lo stato dovrebbe intervenire e modificare la loro condizione di natura, per poi obbligare gli uomini a cedere le loro risorse (mentre in natura non √® cosi, l'uomo se ne pu√≤ andare senza alcun problema)? Tra l'altro le donne possono partorire e poi abbandonare il figlio, quindi quella del parto √® proprio una cazzata. O ""i figli si fanno in due"" e quindi l'uomo pu√≤ tirarsi indietro oppure le decisioni le prende solo la madre e allora sono cazzi suoi, non deve avere accesso alle risorse dell'uomo. La responsabilit√† senza autorit√† √® schiavit√π. Chiss√† perch√© del mio corpo decido io non vale mai quando c'√® da essere obbligati a cedere soldi ad altri contro la propria volont√†.",2023-08-30
"Qui il problema non √® il riconoscimento o meno (c'√® sempre l'opzione Messico), ma il fatto che alcuni ""uomini"" (leggasi merdacce inumane) considerano le donne come loro propriet√† (consciamente o meno) e quindi √® per loro inaccettabile che rompano la relazione (che nella loro testa equivale ad uno schiavo che fugge dal padrone), perci√≤ le ammazzano.

Non si tratta n√© di follia n√© di riconoscimento del figlio, questo √® un regolare femminicidio dove il movente √®, infine, la volont√† di mantenere la ""propriet√†"" della donna, dettata da un antico retaggio patriarcale (vedasi quanto ci abbiamo messo ad abolire il delitto d'onore).

PS: prima che mi si dia della nazi-femminista, sono un uomo.",2023-08-30
"L‚Äôuso della logica √® potente in te‚Ä¶

Guarda anche il fatto che gente come te va avanti si risolverebbe, almeno parzialmente, mettendo un test de QI e della comprensione del testo prima di consentirti di accedere alle urne ed a qualsiasi servizio ti consenta di contribuire alla societ√† civile‚Ä¶ eppure ti teniamo cos√¨ come sei e ti sopportiamo‚Ä¶",2023-08-30
Oh mamma. Che cazzo dici?,2023-08-30
No non si potrebbero prevenire perch√© qua stiamo parlando di un pazzo fuori controllo,2023-08-30
"Letteralmente se non vuoi il figlio te ne puoi andare, come fanno tantissime  -merde- uomini. 

E comunque ricordo che un figlio si fa in due. Le decisioni le prende solo ed esclusivamente la madre perch√© la gravidanza e il parto non sono esattamente una passeggiata, quindi se permetti del mio corpo decido io. Ma veramente siete arrivati a difendere un assassino?",2023-08-30
"Il figlio si fa in due, gli ""errori"" possono succedere. La madre DEVE avere il diritto di decidere se continuare o no la gravidanza MA l'uomo dovrebbe avere il diritto di dire se mantenere e/o riconoscere e/o avere qualsivoglia rapporto con il figlio.  


Ovvio che non difendi un assassino, ci mancherebbe altro. La domanda √®, se venisse data libert√† di scelta anche all'uomo, si potrebbero prevenire certi episodi?",2023-08-30
"Ma infatti, a me pare che la causa scatenante sia stata pi√π la scoperta da parte della vittima dell'amante di lui che la gravidanza.

Poi chiariamoci: una persona che per mesi avvelena la compagna, fa determinate ricerche, uccide con quasi 40 coltellate e poi per giorni fa la recita √® palesemente un non-umano; al di l√† del carico psicofisico che una notizia/cambiamento pu√≤ provocare.",2023-08-30
"Simpaticissimo non argomento, si vede che non sai controbattere a niente di quello che dico e quindi devi uscirtene con queste cretinate da INDINNIATO.  Ovviamente quando ci sono situazioni in cui le donne risultano deboli e svantaggiate invece magicamente siamo tutti scimmie vero? La situazione artificiale attuale dove la donna pu√≤ fare quello che vuole e l'uomo deve subire √® l'inverso di quella naturale ed √® sbagliata, stacci.",2023-08-30
">Situazione tra l'altro non presente in natura, visto che dopo il sesso l'uomo pu√≤ prendere e andarsene senza problemi,

Non siamo pi√π fottute scimmie te ne sei reso conto mio caro maschilista? Buona serata",2023-08-30
Che schifo di gente ... mamma mia mi sta venendo la pelle d oca,2023-08-30
Non √® vero che la decisione di una persone si riflette sulla vita di entrambi?,2023-08-30
‚Äúquesti problemi‚Äù mi auguro la tua compagna non legga sta stupidata che hai scritto,2023-08-30
E se la gente non rubasse non ci sarebbe bisogno di chiudere la porta a chiave,2023-08-30
Nn ho il coraggio di leggere mi sta venendo da piangere,2023-08-30
Questi problemi si risolverebbero se la gente non pensasse ad ammazzare.,2023-08-30
*Karma grabber*,2023-08-30
vai enzarello vai,2023-08-30
"BENVENGA CHI SCRIVE COSA PENSA. I FALSI CHE SCRIVONO COSA √à GIUSTO SCRIVERE, BEH POSSIAMO VIVERE SENZA LA VOSTRA OVVIET√Ä",2023-08-30
Maaa il cazzo che me ne frega?,2023-08-30
"Questi problemi si risolverebbero, almeno parzialmente, se l'uomo avesse la possibilit√† di NON riconoscere il bambino mentre ora tutte le decisioni le prende solo ed esclusivamente la madre.",2023-08-30
">Se la madre vuole tenere il figlio, allora il padre lo deve riconoscere a sua volta e sganciare la grana.

E infatti il problema √® proprio qua, l'uomo deve avere il diritto di rifiutarsi di fare il padre esattamente come il diritto lo ha la donna. Chi ha stabilito che la donna va aiutata a evitare una situazione sgradita (diritto all'aborto) dopo il sesso mentre l'uomo deve stare zitto e muto? Perch√©? Con quale autorit√†? Situazione tra l'altro non presente in natura, visto che dopo il sesso l'uomo pu√≤ prendere e andarsene senza problemi, mentre la donna resta incinta che voglia o meno.",2023-08-30
"A mio modesto avviso non solo c'√® premeditazione,  ma dovrebbe essere processato per duplice omicidio, visto che al di fuori dell'utero materno dai sette mesi di gestazione un BAMBINO e non ""feto"" pu√≤ sopravvivere. Ma in questo Paese oltre all'ostinata cultura del perdonismo ad ogni costo non si vuole mettere mano seriamente al codice penale per alcuni tipi di reati che per l'efferatezza e la crudelt√† non meriterebbero alcun tipo di perdono. Impagnatiello ha lucidamente deciso di uccidere una donna ed un bambino, cercando poi di liberarsi dell'incomodo con maldestri tentativi che hanno peraltro vilipeso il corpo di quella povera ragazza. E per il GIP Pincopallo non c'√® l'aggravante della crudelt√†. Questa √® una gravissima mancanza di rispetto per le vittime.",2023-08-30
"Ma infatti. Credo che l'ultimo problema di questo individuo fosse la gravidanza, e pi√π qualche rotella fuori posto che lo hanno portato a fare quello che ha fatto.",2023-08-30
"Sono allibita da questi commenti‚Ä¶ 

Non c‚Äôentra niente la questione genitorialit√†, Impagnatiello √® un ASSASSINO e basta. Non √® che se ci fosse stata la possibilit√† di rifiutare la paternit√† non l‚Äôavrebbe uccisa, non sarebbe cambiato niente perch√® √® lui che √® un pazzo malato! E se non lo capite siete parte del problema",2023-08-30
Stanno cos√¨ tanti commenti di gente allibita dai commenti che non trovo i suddetti commenti. Breve storia non molto allegra.,2023-08-30
"Io credo che l'essere umano, e pi√π specificatamente l'italiano, sia capace di tutto e ancora di pi√π nei commenti di un articolo di fatti di cronaca nera. Detto ci√≤ la presenza di farm che riempiono di merda e malessere il web √® ampiamente documentata quindi inutile cascare dal pero. Tanti √® vero che non √® pi√π una pratica di sola ingegneria sociale ma direttamente utilizzata nella pubblicit√† per creare engagement.",2023-08-30
Leggendo i commenti non escluderei nessuna opzione. Incel russi secondo me la pi√π probabile,2023-08-30
"chapeau per l'approccio zen al fenomeno.

Detto questo, in et√† adulta, un ""idiota"", online, quando spari minchiate con tanta nonchalance in un posto pubblico, te lo puoi beccare.

Poi si, resto d'accordo con te sul tema dell'istruzione precaria e le sue conseguenze disastrose. Non credo nel libero arbitrio e credo che ognuno √® il prodotto delle circostanze, quindi in termini assoluti ""non √® colpa di nessuno"" ed ""√® un problema di tutti"" come dici, ma appunto...in termini assoluti, su se uno fa il coglione pu√≤ beccarsi il coglione, anche perch√® dopo un po' sto capendo che non vengo ripagato, dall'altro lato, con altrettanta comprensione e spirito critico genuino nel mettersi in discussione, ma pura sfacciataggine e supponenza.",2023-08-30
">Sono idioti frustrati

Sono persone con idee diverse, che hanno diritto al voto e diritto di dire la loro, come tutti. Anzich√© bollarli come idioti e fare spallucce dovremmo fare un esame di coscienza, a partire dai tagli alla scuola pubblica e le condizioni pietose in cui gli insegnanti sono costretti a lavorare. 

Altrimenti sar√† sempre pi√π comune imbattersi in giovani arrabbiati cresciuti a pane e tik tok che confondono pari diritti alla genitorialit√† e omicidi da parte di pazzi squilibrati",2023-08-30
Ma come ti permetti a non indinniarti al 100% cercando di guardare la faccenda da un punto di vista critico e oggettivo? Sei proprio un animalo.,2023-08-30
Cosa c'entra la Russia non si sa... Gi√† che c'eri potevi aggiungere la parola incel...,2023-08-30
"Le persone nei commenti non hanno capito che √® un'assurdit√† pensare di UCCIDERE. √à giusto pensare che il feto debba essere voluto da entrambi i genitori e non solo dalla madre ma non √® giusto pensare che il fidanzato/marito debba UCCIDERE entrambi. √à impossibile giustificare azioni del genere e non si tratta di genitorialit√†. Distinguete bene le cose perch√©, per come parlate, state dando una minima ragione a questo abominio dell'umanit√†.",2023-08-30
"La giustizia italiana ce la mette proprio tutta per risultare un circo, solo che i clown non fanno ridere.",2023-08-30
">Se il problema √® che un individuo ha un atteggiamento violento ed antisociale, rispetto alla moltitudine di atteggiamenti possibili, il problema non √® il contesto, il problema √® l‚Äôindividuo. L‚Äôitalia √® il terzo paese al mondo per pochi omicidi, uno dei primati dei quali dovremmo andare fieri, questo significa che per quanto orribili, questi fenomeni sono pochi. 

Perfetto, questo significa che tu sei d'accordo che i ""femminicidi"" avvengono in numero ridicolmente basso e non indicano problemi sociali e di contesto (""ehhhh √® la cultura dello stupro, il patriarcato!"") ma sono semplici azioni individuali giusto?

Poi il tuo discorso √® riassumibile in it's happening and it's good that it is. Che gli uomini siano obbligati a pagare contro la loro volont√† e non possano rifiutare la genitorialit√† mentre le donne possono e ben due volte √® una chiara e schifosissima discriminazione maschile. √à moralmente sbagliato e da eliminare.",2023-08-30
"Dal momento che √® tristemente pieno di coglioni incel redpillati, le fallacie logiche nel correlare l‚Äôincidenza di questi femminicidi all‚Äôobbligo di paternit√† sono le seguenti: 

1) non esiste nessun modo di mettere in relazione i due dati, quindi √® un‚Äô‚Äùidea‚Äù tanto sensata quanto dire ‚Äúbasta non fumare e non ti becchi un tumore ai polmoni‚Äù. Esisteranno casi in cui per la paura della paternit√† un uomo abbia ucciso, ma non sono la totalit√† dei casi (e a naso, non sono nemmeno significativi), e non si pu√≤ generalizzare pensando di scalfire anche solo minimamente la statistica. 

2) Se il problema √® che un individuo ha un atteggiamento violento ed antisociale, rispetto alla moltitudine di atteggiamenti possibili, il problema non √® il contesto, il problema √® l‚Äôindividuo. L‚Äôitalia √® il terzo paese al mondo per pochi omicidi, uno dei primati dei quali dovremmo andare fieri, questo significa che per quanto orribili, questi fenomeni sono pochi. Questo significa anche che mediamente il problema di doversi accollare la paternit√† non porta l‚Äôuomo medio a sbarellare ed uccidere la sua compagna, stiamo parlando di un atteggiamento antisociale esibito da molto meno dell‚Äô1% della popolazione.

Io mi chiedo quanta violenza repressa e frustrazione ci possa essere nei vostri cervelli bacati per arrivare a fare anche solo lontanamente dei paralleli del genere. Non foste cos√¨ arroganti mi fareste pena, ma sono costretto a darvi dei coglioni‚Ä¶",2023-08-30
"It looks like OP posted an AMP link. These should load faster, but AMP is controversial because of [concerns over privacy and the Open Web](https://www.reddit.com/r/AmputatorBot/comments/ehrq3z/why_did_i_build_amputatorbot).

Maybe check out **the canonical page** instead: **[https://milano.corriere.it/notizie/cronaca/23_agosto_28/senago-le-ricerche-di-impagnatiello-mesi-prima-di-uccidere-giulia-tramontano-incinta-come-avvelenare-un-feto-364e8025-8269-4f3b-ae85-e0908a89cxlk.shtml](https://milano.corriere.it/notizie/cronaca/23_agosto_28/senago-le-ricerche-di-impagnatiello-mesi-prima-di-uccidere-giulia-tramontano-incinta-come-avvelenare-un-feto-364e8025-8269-4f3b-ae85-e0908a89cxlk.shtml)**

*****

 ^(I'm a bot | )[^(Why & About)](https://www.reddit.com/r/AmputatorBot/comments/ehrq3z/why_did_i_build_amputatorbot)^( | )[^(Summon: u/AmputatorBot)](https://www.reddit.com/r/AmputatorBot/comments/cchly3/you_can_now_summon_amputatorbot/)",2023-08-30
"Sicuramente commenti inappropriati e fuori luogo considerando che (da quel che ricordo) c'era un tradimento in mezzo, quindi non e' questo il caso.

Possiamo pero' negare che tra quei commenti populisti ci sia un fondo di verita'? Noi stessi facciamo battutine sul mettersi il sombrero in testa e scappare in Messico, ma se creare un maggior equilibrio sui diritti e doveri di genitorialita' (argomento molto discusso anche qui su Reddit) riducesse il numero di femminicidi, perche' non farlo?",2023-08-30
Mi sento male a leggere certe robe,2023-08-30
Davvero inquietante...,2023-08-30
spero siano troll russi,2023-08-30
"Il pezzo del Corriere non sar√† dei migliori ma mi sembra ben fatto.

Nel testo dell‚Äôarticolo si legge: ‚ÄúAlessandro Impagnatiello, reo confesso, ha riferito ai magistrati di aver agito ¬´senza un reale motivo¬ª, dicendosi ¬´stressato della situazione che si era venuta a creare¬ª (la scoperta della sua doppia vita)‚Äù.

Di fronte a ci√≤ vorrei chiedere ai qui presenti in frotte paladini dei maschi bianchi eterosessuali, sempre pi√π castrati: ‚Äúavete esagerato coi bianchini o siete passati direttamente all‚Äôantigelo?‚Äù",2023-08-30
LeGgErE i CoMmEnTi,2023-08-30
"L'anonimato tira fuori il ""meglio"" dalle persone",2023-08-30
Sono idioti frustrati che hanno imparato ad inorgoglirsi quando qualcuno gli fa notare che sono dei coglioni grazie alla loro narcisistica convinzione di avere ragione ed essere i soli a vederci chiaro‚Ä¶ un coglione resta coglione anche se se la sente,2023-08-30
"Piccolo appunto: io renderei obbligatorio che il gip o chi per esso quando emette una sentenza di assoluzione o alleggerimenti in casi limite facesse un esempio di come poteva, in questo caso specifico, configursi premeditazione e crudelt√†...a me pare evidente che se guardi come ammazzare qualcuno con mesi di anticipo un po' ci hai ""pensato""",2023-08-30
Forse ho capito male io dall‚Äôarticolo ma sembra che questa ricerca sia uscita dopo che il gip aveva escluso la premeditazione basandosi sulle ricerche  trovate all‚Äôepoca che risalivano a poche ore prima del delitto. Sulla crudelt√† ci sta l‚Äôesclusione visto che si intendono comportamenti come la sevizia prima dell‚Äôomicidio.,2023-08-30
"Scorrere nei commenti fa venire i brividi. Ma seriamente si giustifica un ASSASSINO in questo modo? Chiunque provi a buttarla sulla discriminazione maschile in fatto di genitorialit√† forse non si √® ancora reso conto di questo: qua non c'entra niente la parit√† di genere, prima di essere un uomo che ha ucciso una donna incinta, √® una persona che ne ha uccise due. Pertanto andrebbe condannato col massimo della pena. Punto.",2023-08-30
"La madre, che √® colei che porta avanti la gravidanza e partorisce con tutte le conseguenze che ci√≤ porta al proprio fisico, pu√≤ rifiutare il figlio dandolo in adozione. 

Il padre di conseguenza non √® obbligato a dare assegni o altro perch√© non ha riconosciuto in automatico il figlio, se lo vuole riconoscere allora lo adotta. 

Se la madre vuole tenere il figlio, allora il padre lo deve riconoscere a sua volta e sganciare la grana. 

Caro mio non puoi sborrare dentro una donna, metterla incinta, dire ""It's just a prank bro"" e farla crescere tuo figli in autonomia senza aiuti economici di nessun tipo.",2023-08-30
"guarda, potrei risponderti , ma dato che sei un analfabeta funzionale penso sia tempo perso.   

Se non sei in grado di cogliere il punto del discorso, ossia che non c'√® correlazione tra leggi sulla paternit√† e l'omicidio di una donna incinta, non posso farci molto... sei un analfabeta funzionale che vuole capire ci√≤ che vuole capire, pace all'anima tua...continua a portare i tuoi argomenti avanti a cazzo di cane quando sei completamente off topic e buona fortuna, sono sicuro che avrai una vita radiosa!",2023-08-30
"No, speculazioni su violenza repressa e frustrazione non sono un argomento e non negano niente di quello che ho detto.",2023-08-30
"Ti ha gi√† ampiamente risposto nell'ultimo paragrafo, ti invito a rileggerlo",2023-08-30
"Sai che non sono d‚Äôaccordo con quel tizio, per√≤ effettivamente se la mettiamo sui diritti del nascituro, fa storcere un poco il naso che esista una legge per abbandonarlo anonimamente e capisco se a qualcuno fa storcere il naso l‚Äôaborto",2023-08-31
"Teso, galline e invertebrati come me fanno andare avanti il tuo paese di merda mentre tu, e i bavosi non uomini come te, state sul vostro trono di privilegi a sentenziare chi ha diritto di cosa e chi no senza un minimo di conoscenza storica o compassione per i vostri concittadini. 

Ripeto, chiudetevi in casa, fate paura e non siete pi√π umani",2023-08-31
Galline e invertebrati come te sono tutto tranne che la parte umana e civile della societ√† lmao,2023-08-31
"il parto anonimo serve a contrastare in fenomeno dell‚Äôabbandono nei boschi, nei cassonetti, giu dalla rupe o la vendita alla strega della palude. √à sempre nell‚Äôinteresse del bambino, non vedo perche ti fa storcere il naso. Non √® un privilegio della madre.",2023-08-31
Della parte umana e civile della societ√†,2023-08-31
E se mia nonna avesse le ruote sarebbe una carriola,2023-08-31
"Quale, quello in cui tenti di far passare il mio commento per apologia degli stupratori? Il tuo argomento si basa sull'attribuzione di maggior responsabilit√† all'uomo rispetto alla donna nel momento del concepimento, ed √® naturale che sia cos√¨ perch√©, altrimenti, non potresti giustificare tale sproporzione giuridica: questa per√≤ √® semplicemente una falsit√† che ti sei inventata. Altra possibilit√† √® che tu attribuisca all'uomo (ed √® questa la ratio della legge) maggiore potere economico in media, per cui lo Stato invece di accollarsi la spesa di contribuire al mantenimento la pone sulle spalle di un soggetto che, in media, √® in grado di subirla e che presenta una responsabilit√† nella sua necessit√†: √® un concetto ormai anacronistico, ma gi√† pi√π comprensibile; dubito per√≤ sia questa la tua opinione, dati i tuoi argomenti.

Fattualmente, la donna non √® obbligata a portare avanti la gravidanza e non √® obbligata a mantenere un figlio che ha partorito, potendolo lasciare in ospedale. Perch√© non parli di deresponsabilizzazione in questo caso? Perch√© l'unica parte esclusa completamente dalla scelta relativa ai prossimi vent'anni del suo futuro √® l'uomo, e la donna se ne pu√≤ lavare le mani? Come un uomo deve rispettare la scelta della donna sul proseguimento della gravidanza, la donna deve - dovrebbe - dover rispettare quella dell'uomo relativamente alla possibilit√† di essere padre, qualifica che gli √® imposta con la forza che lo voglia o meno. Ti invito, infine, a considerare che la legge prevede il mantenimento per l'uomo anche in quei (rarissimi, s'intende) casi di stupro nel quale l'uomo √® vittima e l'abusante rimane incinta, anche nel caso in cui egli sia minorenne: negli stati uniti √® stato imposto ad un (all'epoca dei fatti) sedicenne di pagare il mantenimento per il figlio della donna che l'aveva abusato. Come vedi, la responsabilit√† NON √® il criterio che adotta la legge (o un uomo stuprato ha la responsabilit√† di essere stato stuprato?).",2023-08-31
"Sono allibita da questi commenti‚Ä¶ 

Non c‚Äôentra niente la questione genitorialit√†, Impagnatiello √® un ASSASSINO e basta. Non √® che se ci fosse stata la possibilit√† di rifiutare la paternit√† non l‚Äôavrebbe uccisa, non sarebbe cambiato niente perch√® √® lui che √® un pazzo malato! E se non lo capite siete parte del problema",2023-08-30
"Il pezzo del Corriere non sar√† dei migliori ma mi sembra ben fatto.

Nel testo dell‚Äôarticolo si legge: ‚ÄúAlessandro Impagnatiello, reo confesso, ha riferito ai magistrati di aver agito ¬´senza un reale motivo¬ª, dicendosi ¬´stressato della situazione che si era venuta a creare¬ª (la scoperta della sua doppia vita)‚Äù.

Di fronte a ci√≤ vorrei chiedere ai qui presenti in frotte paladini dei maschi bianchi eterosessuali, sempre pi√π castrati: ‚Äúavete esagerato coi bianchini o siete passati direttamente all‚Äôantigelo?‚Äù",2023-08-30
"It looks like OP posted an AMP link. These should load faster, but AMP is controversial because of [concerns over privacy and the Open Web](https://www.reddit.com/r/AmputatorBot/comments/ehrq3z/why_did_i_build_amputatorbot).

Maybe check out **the canonical page** instead: **[https://milano.corriere.it/notizie/cronaca/23_agosto_28/senago-le-ricerche-di-impagnatiello-mesi-prima-di-uccidere-giulia-tramontano-incinta-come-avvelenare-un-feto-364e8025-8269-4f3b-ae85-e0908a89cxlk.shtml](https://milano.corriere.it/notizie/cronaca/23_agosto_28/senago-le-ricerche-di-impagnatiello-mesi-prima-di-uccidere-giulia-tramontano-incinta-come-avvelenare-un-feto-364e8025-8269-4f3b-ae85-e0908a89cxlk.shtml)**

*****

 ^(I'm a bot | )[^(Why & About)](https://www.reddit.com/r/AmputatorBot/comments/ehrq3z/why_did_i_build_amputatorbot)^( | )[^(Summon: u/AmputatorBot)](https://www.reddit.com/r/AmputatorBot/comments/cchly3/you_can_now_summon_amputatorbot/)",2023-08-30
"Dal momento che √® tristemente pieno di coglioni incel redpillati, le fallacie logiche nel correlare l‚Äôincidenza di questi femminicidi all‚Äôobbligo di paternit√† sono le seguenti: 

1) non esiste nessun modo di mettere in relazione i due dati, quindi √® un‚Äô‚Äùidea‚Äù tanto sensata quanto dire ‚Äúbasta non fumare e non ti becchi un tumore ai polmoni‚Äù. Esisteranno casi in cui per la paura della paternit√† un uomo abbia ucciso, ma non sono la totalit√† dei casi (e a naso, non sono nemmeno significativi), e non si pu√≤ generalizzare pensando di scalfire anche solo minimamente la statistica. 

2) Se il problema √® che un individuo ha un atteggiamento violento ed antisociale, rispetto alla moltitudine di atteggiamenti possibili, il problema non √® il contesto, il problema √® l‚Äôindividuo. L‚Äôitalia √® il terzo paese al mondo per pochi omicidi, uno dei primati dei quali dovremmo andare fieri, questo significa che per quanto orribili, questi fenomeni sono pochi. Questo significa anche che mediamente il problema di doversi accollare la paternit√† non porta l‚Äôuomo medio a sbarellare ed uccidere la sua compagna, stiamo parlando di un atteggiamento antisociale esibito da molto meno dell‚Äô1% della popolazione.

Io mi chiedo quanta violenza repressa e frustrazione ci possa essere nei vostri cervelli bacati per arrivare a fare anche solo lontanamente dei paralleli del genere. Non foste cos√¨ arroganti mi fareste pena, ma sono costretto a darvi dei coglioni‚Ä¶",2023-08-30
"It looks like OP posted an AMP link. These should load faster, but AMP is controversial because of [concerns over privacy and the Open Web](https://www.reddit.com/r/AmputatorBot/comments/ehrq3z/why_did_i_build_amputatorbot).

Maybe check out **the canonical page** instead: **[http://www.ansa.it/lombardia/notizie/2023/05/31/incinta-scomparsa-il-fidanzato-indagato-per-omicidio_fe297a61-7f46-42e5-8efd-2aaefa328e22.html](http://www.ansa.it/lombardia/notizie/2023/05/31/incinta-scomparsa-il-fidanzato-indagato-per-omicidio_fe297a61-7f46-42e5-8efd-2aaefa328e22.html)** |  canonical: **[/lombardia/notizie/2023/05/31/incinta-scomparsa-il-fidanzato-indagato-per-omicidio_fe297a61-7f46-42e5-8efd-2aaefa328e22.html](/lombardia/notizie/2023/05/31/incinta-scomparsa-il-fidanzato-indagato-per-omicidio_fe297a61-7f46-42e5-8efd-2aaefa328e22.html)**

*****

 ^(I'm a bot | )[^(Why & About)](https://www.reddit.com/r/AmputatorBot/comments/ehrq3z/why_did_i_build_amputatorbot)^( | )[^(Summon: u/AmputatorBot)](https://www.reddit.com/r/AmputatorBot/comments/cchly3/you_can_now_summon_amputatorbot/)",2023-06-01
